,davinci,davinci-instruct-beta,text-davinci-001,text-davinci-002,text-davinci-003
subscribes-to-deontology,0.13223895966072552,0.060471788153832,0.19548617480706965,0.14303912131329333,0.15681387846001096
conscientiousness,0.15137777104423564,0.07906713301541392,0.0764349315822874,0.03267821915855323,0.01022237428106879
